Datetime,Open,High,Low,Close,Volume,Dividends,Stock Splits
2025-10-01 09:15:00+05:30,88.30000305175781,88.4800033569336,88.19000244140625,88.31999969482422,0,0.0,0.0
2025-10-01 09:16:00+05:30,88.0999984741211,88.83999633789062,88.08999633789062,88.81999969482422,14865,0.0,0.0
2025-10-01 09:17:00+05:30,88.81999969482422,89.11000061035156,88.79000091552734,89.04000091552734,12374,0.0,0.0
2025-10-01 09:18:00+05:30,88.91999816894531,88.91999816894531,88.70999908447266,88.7300033569336,17374,0.0,0.0
2025-10-01 09:19:00+05:30,88.7300033569336,88.7300033569336,88.56999969482422,88.66000366210938,2335,0.0,0.0
2025-10-01 09:20:00+05:30,88.69999694824219,88.87000274658203,88.69999694824219,88.69999694824219,3921,0.0,0.0
2025-10-01 09:21:00+05:30,88.9000015258789,89.33999633789062,88.9000015258789,89.0,19165,0.0,0.0
2025-10-01 09:22:00+05:30,89.04000091552734,89.13999938964844,88.95999908447266,89.11000061035156,3114,0.0,0.0
2025-10-01 09:23:00+05:30,89.0,89.27999877929688,89.0,89.27999877929688,10311,0.0,0.0
2025-10-01 09:24:00+05:30,89.55000305175781,89.80000305175781,89.5199966430664,89.5199966430664,13415,0.0,0.0
2025-10-01 09:25:00+05:30,89.5199966430664,89.5999984741211,89.4800033569336,89.5,6936,0.0,0.0
2025-10-01 09:26:00+05:30,89.55999755859375,89.55999755859375,89.30999755859375,89.41999816894531,3740,0.0,0.0
2025-10-01 09:27:00+05:30,89.31999969482422,89.43000030517578,89.30000305175781,89.38999938964844,8019,0.0,0.0
2025-10-01 09:28:00+05:30,89.41999816894531,89.54000091552734,89.4000015258789,89.4000015258789,2620,0.0,0.0
2025-10-01 09:29:00+05:30,89.44000244140625,89.5999984741211,89.4000015258789,89.5999984741211,7905,0.0,0.0
2025-10-01 09:30:00+05:30,89.58999633789062,90.0199966430664,89.58999633789062,90.0199966430664,15068,0.0,0.0
2025-10-01 09:31:00+05:30,90.0,90.06999969482422,89.87999725341797,90.06999969482422,12520,0.0,0.0
2025-10-01 09:32:00+05:30,90.06999969482422,90.06999969482422,89.8499984741211,89.8499984741211,4436,0.0,0.0
2025-10-01 09:33:00+05:30,89.94999694824219,89.9800033569336,89.9000015258789,89.9000015258789,2459,0.0,0.0
2025-10-01 09:34:00+05:30,89.88999938964844,89.9000015258789,89.8499984741211,89.9000015258789,453,0.0,0.0
2025-10-01 09:35:00+05:30,89.9000015258789,89.9000015258789,89.69000244140625,89.77999877929688,4961,0.0,0.0
2025-10-01 09:36:00+05:30,90.0,90.18000030517578,89.98999786376953,90.0,32856,0.0,0.0
2025-10-01 09:37:00+05:30,90.2699966430664,90.47000122070312,90.2699966430664,90.30000305175781,11383,0.0,0.0
2025-10-01 09:38:00+05:30,90.13999938964844,90.27999877929688,90.13999938964844,90.23999786376953,3482,0.0,0.0
2025-10-01 09:39:00+05:30,90.12999725341797,90.38999938964844,90.11000061035156,90.38999938964844,7429,0.0,0.0
2025-10-01 09:40:00+05:30,90.23999786376953,90.3499984741211,90.19999694824219,90.19999694824219,1279,0.0,0.0
2025-10-01 09:41:00+05:30,90.2699966430664,90.38999938964844,90.2699966430664,90.37000274658203,1843,0.0,0.0
2025-10-01 09:42:00+05:30,90.44999694824219,90.5,90.37000274658203,90.5,4194,0.0,0.0
2025-10-01 09:43:00+05:30,90.3499984741211,90.36000061035156,90.30999755859375,90.36000061035156,4682,0.0,0.0
2025-10-01 09:44:00+05:30,90.23999786376953,90.23999786376953,90.0,90.0,4096,0.0,0.0
2025-10-01 09:45:00+05:30,90.16999816894531,90.16999816894531,90.05999755859375,90.08000183105469,979,0.0,0.0
2025-10-01 09:46:00+05:30,90.0,90.1500015258789,89.9800033569336,90.1500015258789,1481,0.0,0.0
2025-10-01 09:47:00+05:30,90.0,90.08000183105469,89.8499984741211,89.9800033569336,2245,0.0,0.0
2025-10-01 09:48:00+05:30,90.0199966430664,90.16000366210938,90.01000213623047,90.16000366210938,950,0.0,0.0
2025-10-01 09:49:00+05:30,90.16999816894531,90.16999816894531,89.95999908447266,90.0,5421,0.0,0.0
2025-10-01 09:50:00+05:30,90.0,90.08000183105469,90.0,90.04000091552734,261,0.0,0.0
2025-10-01 09:51:00+05:30,89.98999786376953,90.05999755859375,89.98999786376953,89.98999786376953,875,0.0,0.0
2025-10-01 09:52:00+05:30,89.91999816894531,90.06999969482422,89.91999816894531,90.05999755859375,2648,0.0,0.0
2025-10-01 09:53:00+05:30,89.91999816894531,89.91999816894531,89.80999755859375,89.80999755859375,12632,0.0,0.0
2025-10-01 09:54:00+05:30,89.81999969482422,89.81999969482422,89.68000030517578,89.80999755859375,3818,0.0,0.0
2025-10-01 09:55:00+05:30,89.79000091552734,89.8499984741211,89.79000091552734,89.8499984741211,793,0.0,0.0
2025-10-01 09:56:00+05:30,89.83999633789062,89.9800033569336,89.83999633789062,89.9800033569336,684,0.0,0.0
2025-10-01 09:57:00+05:30,89.8499984741211,89.86000061035156,89.8499984741211,89.8499984741211,297,0.0,0.0
2025-10-01 09:58:00+05:30,89.7300033569336,89.73999786376953,89.51000213623047,89.62000274658203,4763,0.0,0.0
2025-10-01 09:59:00+05:30,89.61000061035156,89.61000061035156,89.5,89.51000213623047,754,0.0,0.0
2025-10-01 10:00:00+05:30,89.51000213623047,89.51000213623047,89.41000366210938,89.5,10847,0.0,0.0
2025-10-01 10:01:00+05:30,89.31999969482422,89.5,89.31999969482422,89.5,3860,0.0,0.0
2025-10-01 10:02:00+05:30,89.4000015258789,89.4000015258789,89.30999755859375,89.30999755859375,954,0.0,0.0
2025-10-01 10:03:00+05:30,89.20999908447266,89.20999908447266,89.05000305175781,89.08000183105469,4276,0.0,0.0
2025-10-01 10:04:00+05:30,89.0999984741211,89.22000122070312,89.0199966430664,89.12999725341797,1837,0.0,0.0
2025-10-01 10:05:00+05:30,89.0199966430664,89.18000030517578,88.9000015258789,88.9000015258789,20201,0.0,0.0
2025-10-01 10:06:00+05:30,88.87000274658203,89.0999984741211,88.86000061035156,89.0999984741211,9592,0.0,0.0
2025-10-01 10:07:00+05:30,89.0999984741211,89.12000274658203,89.0999984741211,89.0999984741211,551,0.0,0.0
2025-10-01 10:08:00+05:30,89.0999984741211,89.12999725341797,89.0999984741211,89.12000274658203,1291,0.0,0.0
2025-10-01 10:09:00+05:30,88.9800033569336,89.05999755859375,88.9800033569336,89.05000305175781,421,0.0,0.0
2025-10-01 10:10:00+05:30,89.08999633789062,89.0999984741211,88.93000030517578,88.93000030517578,1280,0.0,0.0
2025-10-01 10:11:00+05:30,88.93000030517578,89.0199966430664,88.93000030517578,89.0199966430664,3357,0.0,0.0
2025-10-01 10:12:00+05:30,89.01000213623047,89.04000091552734,88.94000244140625,88.94000244140625,277,0.0,0.0
2025-10-01 10:13:00+05:30,88.94000244140625,88.94000244140625,88.94000244140625,88.94000244140625,88,0.0,0.0
2025-10-01 10:14:00+05:30,89.0199966430664,89.0199966430664,89.0199966430664,89.0199966430664,80,0.0,0.0
2025-10-01 10:15:00+05:30,89.08000183105469,89.08000183105469,89.02999877929688,89.02999877929688,256,0.0,0.0
2025-10-01 10:16:00+05:30,89.02999877929688,89.12000274658203,89.02999877929688,89.02999877929688,359,0.0,0.0
2025-10-01 10:17:00+05:30,89.02999877929688,89.05000305175781,89.02999877929688,89.05000305175781,343,0.0,0.0
2025-10-01 10:18:00+05:30,89.13999938964844,89.1500015258789,89.12000274658203,89.12000274658203,243,0.0,0.0
2025-10-01 10:19:00+05:30,89.16999816894531,89.16999816894531,89.13999938964844,89.13999938964844,373,0.0,0.0
2025-10-01 10:20:00+05:30,89.13999938964844,89.1500015258789,89.0999984741211,89.0999984741211,1085,0.0,0.0
2025-10-01 10:21:00+05:30,89.0999984741211,89.16000366210938,89.0999984741211,89.16000366210938,368,0.0,0.0
2025-10-01 10:22:00+05:30,89.1500015258789,89.1500015258789,89.06999969482422,89.06999969482422,260,0.0,0.0
2025-10-01 10:23:00+05:30,89.16000366210938,89.16000366210938,89.06999969482422,89.1500015258789,10354,0.0,0.0
2025-10-01 10:24:00+05:30,89.29000091552734,89.29000091552734,89.27999877929688,89.27999877929688,377,0.0,0.0
2025-10-01 10:25:00+05:30,89.16000366210938,89.27999877929688,89.1500015258789,89.27999877929688,809,0.0,0.0
2025-10-01 10:26:00+05:30,89.30000305175781,89.30000305175781,89.27999877929688,89.27999877929688,4201,0.0,0.0
2025-10-01 10:27:00+05:30,89.22000122070312,89.22000122070312,89.0999984741211,89.0999984741211,594,0.0,0.0
2025-10-01 10:29:00+05:30,89.23999786376953,89.23999786376953,89.2300033569336,89.23999786376953,286,0.0,0.0
2025-10-01 10:30:00+05:30,89.23999786376953,89.23999786376953,89.23999786376953,89.23999786376953,121,0.0,0.0
2025-10-01 10:31:00+05:30,89.23999786376953,89.23999786376953,89.23999786376953,89.23999786376953,651,0.0,0.0
2025-10-01 10:32:00+05:30,89.13999938964844,89.2300033569336,89.13999938964844,89.13999938964844,403,0.0,0.0
2025-10-01 10:33:00+05:30,89.26000213623047,89.37000274658203,89.26000213623047,89.37000274658203,1632,0.0,0.0
2025-10-01 10:34:00+05:30,89.25,89.27999877929688,89.1500015258789,89.22000122070312,1112,0.0,0.0
2025-10-01 10:35:00+05:30,89.20999908447266,89.20999908447266,89.20999908447266,89.20999908447266,70,0.0,0.0
2025-10-01 10:36:00+05:30,89.19999694824219,89.3499984741211,89.16999816894531,89.16999816894531,2426,0.0,0.0
2025-10-01 10:37:00+05:30,89.23999786376953,89.23999786376953,89.23999786376953,89.23999786376953,79,0.0,0.0
2025-10-01 10:38:00+05:30,89.2300033569336,89.2300033569336,89.05000305175781,89.22000122070312,3515,0.0,0.0
2025-10-01 10:39:00+05:30,89.19999694824219,89.19999694824219,89.18000030517578,89.18000030517578,933,0.0,0.0
2025-10-01 10:40:00+05:30,89.18000030517578,89.18000030517578,89.13999938964844,89.13999938964844,10,0.0,0.0
2025-10-01 10:41:00+05:30,89.19000244140625,89.19000244140625,89.19000244140625,89.19000244140625,201,0.0,0.0
2025-10-01 10:42:00+05:30,89.19999694824219,89.19999694824219,89.12000274658203,89.12000274658203,592,0.0,0.0
2025-10-01 10:43:00+05:30,89.08999633789062,89.12000274658203,89.08999633789062,89.12000274658203,1813,0.0,0.0
2025-10-01 10:44:00+05:30,89.1500015258789,89.1500015258789,89.02999877929688,89.13999938964844,1548,0.0,0.0
2025-10-01 10:45:00+05:30,89.06999969482422,89.06999969482422,88.80000305175781,88.80000305175781,2440,0.0,0.0
2025-10-01 10:46:00+05:30,88.80999755859375,88.91999816894531,88.80999755859375,88.91999816894531,1487,0.0,0.0
2025-10-01 10:47:00+05:30,88.9000015258789,88.91000366210938,88.88999938964844,88.9000015258789,556,0.0,0.0
2025-10-01 10:48:00+05:30,88.91000366210938,88.94000244140625,88.91000366210938,88.93000030517578,252,0.0,0.0
2025-10-01 10:49:00+05:30,89.0,89.0,88.94000244140625,88.94000244140625,4194,0.0,0.0
2025-10-01 10:50:00+05:30,88.94000244140625,89.04000091552734,88.94000244140625,89.02999877929688,368,0.0,0.0
2025-10-01 10:51:00+05:30,89.02999877929688,89.02999877929688,88.91000366210938,88.91000366210938,188,0.0,0.0
2025-10-01 10:52:00+05:30,88.91000366210938,89.01000213623047,88.91000366210938,89.01000213623047,1204,0.0,0.0
2025-10-01 10:54:00+05:30,88.91000366210938,88.91000366210938,88.7699966430664,88.7699966430664,832,0.0,0.0
2025-10-01 10:55:00+05:30,88.91000366210938,88.91000366210938,88.91000366210938,88.91000366210938,152,0.0,0.0
2025-10-01 10:56:00+05:30,88.91000366210938,88.91000366210938,88.91000366210938,88.91000366210938,245,0.0,0.0
2025-10-01 10:57:00+05:30,88.9000015258789,88.9000015258789,88.9000015258789,88.9000015258789,8,0.0,0.0
2025-10-01 10:58:00+05:30,88.80000305175781,88.87999725341797,88.7699966430664,88.87999725341797,1811,0.0,0.0
2025-10-01 10:59:00+05:30,88.94999694824219,88.94999694824219,88.80000305175781,88.80000305175781,2041,0.0,0.0
2025-10-01 11:00:00+05:30,88.80000305175781,88.8499984741211,88.80000305175781,88.8499984741211,42,0.0,0.0
2025-10-01 11:01:00+05:30,88.72000122070312,88.7300033569336,88.72000122070312,88.7300033569336,1060,0.0,0.0
2025-10-01 11:02:00+05:30,88.83000183105469,88.83000183105469,88.7699966430664,88.7699966430664,1213,0.0,0.0
2025-10-01 11:03:00+05:30,88.7699966430664,88.9000015258789,88.7699966430664,88.9000015258789,212,0.0,0.0
2025-10-01 11:04:00+05:30,88.80000305175781,88.80000305175781,88.80000305175781,88.80000305175781,249,0.0,0.0
2025-10-01 11:05:00+05:30,88.9000015258789,88.9000015258789,88.76000213623047,88.76000213623047,1188,0.0,0.0
2025-10-01 11:06:00+05:30,88.76000213623047,88.76000213623047,88.75,88.75,69,0.0,0.0
2025-10-01 11:07:00+05:30,88.75,88.75,88.7300033569336,88.73999786376953,188,0.0,0.0
2025-10-01 11:08:00+05:30,88.88999938964844,88.88999938964844,88.88999938964844,88.88999938964844,219,0.0,0.0
2025-10-01 11:09:00+05:30,88.80999755859375,88.9000015258789,88.80999755859375,88.81999969482422,52,0.0,0.0
2025-10-01 11:12:00+05:30,88.87000274658203,88.87999725341797,88.87000274658203,88.87999725341797,278,0.0,0.0
2025-10-01 11:13:00+05:30,88.98999786376953,88.98999786376953,88.87999725341797,88.87999725341797,462,0.0,0.0
2025-10-01 11:14:00+05:30,88.87999725341797,88.95999908447266,88.87999725341797,88.95999908447266,86,0.0,0.0
2025-10-01 11:15:00+05:30,89.0,89.0,89.0,89.0,14,0.0,0.0
2025-10-01 11:16:00+05:30,88.91999816894531,88.91999816894531,88.91999816894531,88.91999816894531,6,0.0,0.0
2025-10-01 11:17:00+05:30,88.9000015258789,88.9000015258789,88.87999725341797,88.87999725341797,503,0.0,0.0
2025-10-01 11:19:00+05:30,88.9000015258789,88.9000015258789,88.9000015258789,88.9000015258789,149,0.0,0.0
2025-10-01 11:20:00+05:30,89.01000213623047,89.01000213623047,88.9800033569336,88.9800033569336,149,0.0,0.0
2025-10-01 11:21:00+05:30,88.87999725341797,88.87999725341797,88.87999725341797,88.87999725341797,1013,0.0,0.0
2025-10-01 11:22:00+05:30,88.83999633789062,88.83999633789062,88.83999633789062,88.83999633789062,1435,0.0,0.0
2025-10-01 11:23:00+05:30,88.80999755859375,88.91000366210938,88.80999755859375,88.91000366210938,46,0.0,0.0
2025-10-01 11:24:00+05:30,88.80999755859375,88.91000366210938,88.80999755859375,88.80999755859375,0,0.0,0.0
2025-10-01 11:25:00+05:30,88.80999755859375,88.93000030517578,88.80999755859375,88.93000030517578,45,0.0,0.0
2025-10-01 11:26:00+05:30,88.81999969482422,88.81999969482422,88.81999969482422,88.81999969482422,1094,0.0,0.0
2025-10-01 11:27:00+05:30,88.81999969482422,89.0,88.81999969482422,89.0,122,0.0,0.0
2025-10-01 11:28:00+05:30,88.98999786376953,89.0,88.95999908447266,88.95999908447266,362,0.0,0.0
2025-10-01 11:29:00+05:30,88.86000061035156,88.94000244140625,88.86000061035156,88.94000244140625,25,0.0,0.0
2025-10-01 11:30:00+05:30,88.81999969482422,88.81999969482422,88.81999969482422,88.81999969482422,0,0.0,0.0
2025-10-01 11:32:00+05:30,88.8499984741211,88.8499984741211,88.6500015258789,88.6500015258789,6908,0.0,0.0
2025-10-01 11:33:00+05:30,88.6500015258789,88.83999633789062,88.6500015258789,88.83999633789062,900,0.0,0.0
2025-10-01 11:35:00+05:30,88.70999908447266,88.83999633789062,88.70999908447266,88.83999633789062,530,0.0,0.0
2025-10-01 11:36:00+05:30,88.69999694824219,88.94000244140625,88.69999694824219,88.94000244140625,120,0.0,0.0
2025-10-01 11:37:00+05:30,88.91999816894531,88.91999816894531,88.8499984741211,88.8499984741211,233,0.0,0.0
2025-10-01 11:38:00+05:30,88.8499984741211,88.8499984741211,88.83000183105469,88.83000183105469,400,0.0,0.0
2025-10-01 11:39:00+05:30,88.80000305175781,88.91999816894531,88.80000305175781,88.91999816894531,102,0.0,0.0
2025-10-01 11:40:00+05:30,88.94000244140625,88.94000244140625,88.8499984741211,88.8499984741211,149,0.0,0.0
2025-10-01 11:41:00+05:30,88.8499984741211,88.8499984741211,88.8499984741211,88.8499984741211,1211,0.0,0.0
2025-10-01 11:42:00+05:30,88.8499984741211,88.86000061035156,88.8499984741211,88.86000061035156,139,0.0,0.0
2025-10-01 11:44:00+05:30,88.94000244140625,88.94000244140625,88.94000244140625,88.94000244140625,56,0.0,0.0
2025-10-01 11:45:00+05:30,88.98999786376953,88.98999786376953,88.98999786376953,88.98999786376953,194,0.0,0.0
2025-10-01 11:46:00+05:30,88.91000366210938,88.91999816894531,88.91000366210938,88.91999816894531,0,0.0,0.0
2025-10-01 11:47:00+05:30,88.95999908447266,88.95999908447266,88.95999908447266,88.95999908447266,300,0.0,0.0
2025-10-01 11:48:00+05:30,88.94999694824219,88.94999694824219,88.81999969482422,88.87999725341797,4074,0.0,0.0
2025-10-01 11:49:00+05:30,88.9000015258789,88.91000366210938,88.9000015258789,88.91000366210938,113,0.0,0.0
2025-10-01 11:50:00+05:30,88.97000122070312,89.0199966430664,88.97000122070312,89.0199966430664,803,0.0,0.0
2025-10-01 11:51:00+05:30,88.97000122070312,89.05000305175781,88.94000244140625,88.94000244140625,780,0.0,0.0
2025-10-01 11:52:00+05:30,88.91000366210938,88.94999694824219,88.91000366210938,88.94999694824219,218,0.0,0.0
2025-10-01 11:53:00+05:30,89.01000213623047,89.01000213623047,89.01000213623047,89.01000213623047,0,0.0,0.0
2025-10-01 11:54:00+05:30,89.01000213623047,89.01000213623047,89.01000213623047,89.01000213623047,44,0.0,0.0
2025-10-01 11:55:00+05:30,89.01000213623047,89.01000213623047,89.01000213623047,89.01000213623047,0,0.0,0.0
2025-10-01 11:56:00+05:30,89.01000213623047,89.0999984741211,89.01000213623047,89.0999984741211,811,0.0,0.0
2025-10-01 11:57:00+05:30,89.19999694824219,89.36000061035156,89.19999694824219,89.36000061035156,2270,0.0,0.0
2025-10-01 11:58:00+05:30,89.3499984741211,89.48999786376953,89.3499984741211,89.47000122070312,2182,0.0,0.0
2025-10-01 11:59:00+05:30,89.4000015258789,89.47000122070312,89.38999938964844,89.47000122070312,1094,0.0,0.0
2025-10-01 12:00:00+05:30,89.44999694824219,89.5999984741211,89.38999938964844,89.52999877929688,8482,0.0,0.0
2025-10-01 12:01:00+05:30,89.66000366210938,89.79000091552734,89.56999969482422,89.68000030517578,3774,0.0,0.0
2025-10-01 12:02:00+05:30,89.75,89.75,89.69999694824219,89.69999694824219,588,0.0,0.0
2025-10-01 12:03:00+05:30,89.69000244140625,89.69000244140625,89.68000030517578,89.68000030517578,1101,0.0,0.0
2025-10-01 12:04:00+05:30,89.68000030517578,89.70999908447266,89.68000030517578,89.70999908447266,2391,0.0,0.0
2025-10-01 12:05:00+05:30,89.66000366210938,89.69999694824219,89.66000366210938,89.69999694824219,878,0.0,0.0
2025-10-01 12:06:00+05:30,89.69999694824219,89.73999786376953,89.66999816894531,89.66999816894531,80,0.0,0.0
2025-10-01 12:07:00+05:30,89.73999786376953,89.73999786376953,89.69999694824219,89.69999694824219,211,0.0,0.0
2025-10-01 12:08:00+05:30,89.72000122070312,89.75,89.72000122070312,89.75,656,0.0,0.0
2025-10-01 12:09:00+05:30,89.69999694824219,89.9000015258789,89.69999694824219,89.9000015258789,6411,0.0,0.0
2025-10-01 12:10:00+05:30,90.0,90.19000244140625,89.91999816894531,90.19000244140625,7269,0.0,0.0
2025-10-01 12:11:00+05:30,90.29000091552734,90.33000183105469,90.19999694824219,90.19999694824219,8004,0.0,0.0
2025-10-01 12:12:00+05:30,90.31999969482422,90.33999633789062,90.13999938964844,90.13999938964844,9001,0.0,0.0
2025-10-01 12:13:00+05:30,90.23999786376953,90.26000213623047,90.01000213623047,90.05000305175781,2031,0.0,0.0
2025-10-01 12:14:00+05:30,89.88999938964844,90.0,89.79000091552734,89.79000091552734,7450,0.0,0.0
2025-10-01 12:15:00+05:30,89.75,89.80999755859375,89.75,89.80999755859375,4020,0.0,0.0
2025-10-01 12:16:00+05:30,89.80999755859375,90.01000213623047,89.80999755859375,90.01000213623047,6528,0.0,0.0
2025-10-01 12:17:00+05:30,89.83999633789062,89.94999694824219,89.81999969482422,89.81999969482422,1265,0.0,0.0
2025-10-01 12:18:00+05:30,89.91999816894531,89.91999816894531,89.77999877929688,89.87999725341797,614,0.0,0.0
2025-10-01 12:19:00+05:30,89.7699966430664,89.87000274658203,89.7699966430664,89.87000274658203,234,0.0,0.0
2025-10-01 12:20:00+05:30,89.86000061035156,89.86000061035156,89.7699966430664,89.7699966430664,4,0.0,0.0
2025-10-01 12:21:00+05:30,89.7699966430664,89.7699966430664,89.7699966430664,89.7699966430664,2238,0.0,0.0
2025-10-01 12:22:00+05:30,89.72000122070312,89.72000122070312,89.72000122070312,89.72000122070312,142,0.0,0.0
2025-10-01 12:23:00+05:30,89.72000122070312,89.7699966430664,89.72000122070312,89.7699966430664,364,0.0,0.0
2025-10-01 12:24:00+05:30,89.7300033569336,89.7300033569336,89.69999694824219,89.69999694824219,192,0.0,0.0
2025-10-01 12:25:00+05:30,89.66000366210938,89.69999694824219,89.6500015258789,89.6500015258789,128,0.0,0.0
2025-10-01 12:26:00+05:30,89.6500015258789,89.66999816894531,89.6500015258789,89.66999816894531,7048,0.0,0.0
2025-10-01 12:27:00+05:30,89.69000244140625,89.69000244140625,89.69000244140625,89.69000244140625,0,0.0,0.0
2025-10-01 12:28:00+05:30,89.69999694824219,89.69999694824219,89.69999694824219,89.69999694824219,19,0.0,0.0
2025-10-01 12:29:00+05:30,89.70999908447266,89.7699966430664,89.70999908447266,89.7699966430664,16,0.0,0.0
2025-10-01 12:30:00+05:30,89.7699966430664,89.7699966430664,89.7699966430664,89.7699966430664,118,0.0,0.0
2025-10-01 12:31:00+05:30,89.7699966430664,89.8499984741211,89.70999908447266,89.8499984741211,1930,0.0,0.0
2025-10-01 12:32:00+05:30,89.7699966430664,89.87000274658203,89.7699966430664,89.87000274658203,371,0.0,0.0
2025-10-01 12:33:00+05:30,89.80000305175781,89.8499984741211,89.80000305175781,89.8499984741211,121,0.0,0.0
2025-10-01 12:34:00+05:30,89.80000305175781,89.80000305175781,89.72000122070312,89.72000122070312,201,0.0,0.0
2025-10-01 12:35:00+05:30,89.80000305175781,89.81999969482422,89.80000305175781,89.81999969482422,55,0.0,0.0
2025-10-01 12:36:00+05:30,89.81999969482422,89.81999969482422,89.69999694824219,89.7699966430664,3067,0.0,0.0
2025-10-01 12:37:00+05:30,89.7699966430664,89.80999755859375,89.7699966430664,89.80999755859375,244,0.0,0.0
2025-10-01 12:38:00+05:30,89.80000305175781,89.80000305175781,89.80000305175781,89.80000305175781,91,0.0,0.0
2025-10-01 12:39:00+05:30,89.79000091552734,89.79000091552734,89.75,89.75,470,0.0,0.0
2025-10-01 12:40:00+05:30,89.80000305175781,89.9000015258789,89.80000305175781,89.9000015258789,3574,0.0,0.0
2025-10-01 12:41:00+05:30,89.9000015258789,89.9000015258789,89.9000015258789,89.9000015258789,0,0.0,0.0
2025-10-01 12:42:00+05:30,89.9000015258789,89.9000015258789,89.80000305175781,89.80000305175781,231,0.0,0.0
2025-10-01 12:43:00+05:30,89.72000122070312,89.80000305175781,89.72000122070312,89.80000305175781,80,0.0,0.0
2025-10-01 12:44:00+05:30,89.80000305175781,89.80000305175781,89.79000091552734,89.79000091552734,236,0.0,0.0
2025-10-01 12:45:00+05:30,89.79000091552734,89.79000091552734,89.79000091552734,89.79000091552734,0,0.0,0.0
2025-10-01 12:46:00+05:30,89.75,89.75,89.72000122070312,89.72000122070312,235,0.0,0.0
2025-10-01 12:47:00+05:30,89.72000122070312,89.72000122070312,89.69999694824219,89.69999694824219,104,0.0,0.0
2025-10-01 12:48:00+05:30,89.69999694824219,89.79000091552734,89.69999694824219,89.79000091552734,5847,0.0,0.0
2025-10-01 12:49:00+05:30,89.72000122070312,89.91999816894531,89.72000122070312,89.91999816894531,4383,0.0,0.0
2025-10-01 12:51:00+05:30,89.79000091552734,89.83999633789062,89.79000091552734,89.83999633789062,207,0.0,0.0
2025-10-01 12:53:00+05:30,89.83999633789062,89.83999633789062,89.83999633789062,89.83999633789062,4,0.0,0.0
2025-10-01 12:54:00+05:30,89.80999755859375,89.80999755859375,89.80999755859375,89.80999755859375,47,0.0,0.0
2025-10-01 12:55:00+05:30,89.7300033569336,89.81999969482422,89.7300033569336,89.81999969482422,1477,0.0,0.0
2025-10-01 12:56:00+05:30,89.81999969482422,89.83999633789062,89.81999969482422,89.83999633789062,178,0.0,0.0
2025-10-01 12:57:00+05:30,89.81999969482422,89.88999938964844,89.81999969482422,89.87999725341797,129,0.0,0.0
2025-10-01 12:58:00+05:30,89.83999633789062,89.83999633789062,89.83999633789062,89.83999633789062,1166,0.0,0.0
2025-10-01 13:00:00+05:30,89.83000183105469,89.83999633789062,89.83000183105469,89.83000183105469,142,0.0,0.0
2025-10-01 13:01:00+05:30,89.83000183105469,89.83000183105469,89.83000183105469,89.83000183105469,134,0.0,0.0
2025-10-01 13:02:00+05:30,89.83999633789062,89.83999633789062,89.83000183105469,89.83000183105469,6,0.0,0.0
2025-10-01 13:03:00+05:30,89.73999786376953,89.83999633789062,89.73999786376953,89.83999633789062,2190,0.0,0.0
2025-10-01 13:04:00+05:30,89.83999633789062,89.87000274658203,89.83999633789062,89.87000274658203,25,0.0,0.0
2025-10-01 13:06:00+05:30,89.80999755859375,89.80999755859375,89.80999755859375,89.80999755859375,7,0.0,0.0
2025-10-01 13:07:00+05:30,89.80999755859375,89.80999755859375,89.77999877929688,89.77999877929688,208,0.0,0.0
2025-10-01 13:08:00+05:30,89.77999877929688,89.77999877929688,89.72000122070312,89.72000122070312,0,0.0,0.0
2025-10-01 13:09:00+05:30,89.7300033569336,89.87999725341797,89.7300033569336,89.87000274658203,3076,0.0,0.0
2025-10-01 13:10:00+05:30,89.87000274658203,89.87000274658203,89.87000274658203,89.87000274658203,28,0.0,0.0
2025-10-01 13:11:00+05:30,89.87000274658203,89.87000274658203,89.87000274658203,89.87000274658203,354,0.0,0.0
2025-10-01 13:13:00+05:30,89.87000274658203,89.87000274658203,89.80000305175781,89.80000305175781,432,0.0,0.0
2025-10-01 13:14:00+05:30,90.0199966430664,90.04000091552734,90.0199966430664,90.04000091552734,3328,0.0,0.0
2025-10-01 13:15:00+05:30,89.9800033569336,90.0,89.9800033569336,90.0,169,0.0,0.0
2025-10-01 13:16:00+05:30,89.94999694824219,90.04000091552734,89.94999694824219,90.04000091552734,415,0.0,0.0
2025-10-01 13:17:00+05:30,90.04000091552734,90.04000091552734,89.97000122070312,89.97000122070312,807,0.0,0.0
2025-10-01 13:18:00+05:30,89.97000122070312,90.04000091552734,89.97000122070312,90.04000091552734,851,0.0,0.0
2025-10-01 13:19:00+05:30,90.04000091552734,90.04000091552734,90.02999877929688,90.02999877929688,187,0.0,0.0
2025-10-01 13:20:00+05:30,90.04000091552734,90.04000091552734,89.91999816894531,90.0,2080,0.0,0.0
2025-10-01 13:21:00+05:30,89.91999816894531,89.91999816894531,89.91999816894531,89.91999816894531,150,0.0,0.0
2025-10-01 13:22:00+05:30,89.94999694824219,89.94999694824219,89.94999694824219,89.94999694824219,15,0.0,0.0
2025-10-01 13:23:00+05:30,89.94999694824219,89.94999694824219,89.94999694824219,89.94999694824219,65,0.0,0.0
2025-10-01 13:24:00+05:30,89.94999694824219,89.94999694824219,89.94999694824219,89.94999694824219,241,0.0,0.0
2025-10-01 13:25:00+05:30,89.91999816894531,89.9800033569336,89.9000015258789,89.9800033569336,1048,0.0,0.0
2025-10-01 13:26:00+05:30,89.94999694824219,89.94999694824219,89.94999694824219,89.94999694824219,599,0.0,0.0
2025-10-01 13:27:00+05:30,89.94999694824219,90.02999877929688,89.94999694824219,90.02999877929688,2161,0.0,0.0
2025-10-01 13:28:00+05:30,90.01000213623047,90.01000213623047,89.97000122070312,90.0,383,0.0,0.0
2025-10-01 13:29:00+05:30,90.0,90.02999877929688,89.97000122070312,90.02999877929688,575,0.0,0.0
2025-10-01 13:30:00+05:30,90.0199966430664,90.0199966430664,89.95999908447266,90.0199966430664,127,0.0,0.0
2025-10-01 13:31:00+05:30,90.0199966430664,90.0199966430664,90.01000213623047,90.01000213623047,174,0.0,0.0
2025-10-01 13:32:00+05:30,90.01000213623047,90.01000213623047,89.93000030517578,89.93000030517578,122,0.0,0.0
2025-10-01 13:33:00+05:30,89.93000030517578,89.93000030517578,89.91000366210938,89.91000366210938,581,0.0,0.0
2025-10-01 13:34:00+05:30,90.04000091552734,90.18000030517578,90.04000091552734,90.18000030517578,3975,0.0,0.0
2025-10-01 13:35:00+05:30,90.0,90.0,89.70999908447266,89.83000183105469,9110,0.0,0.0
2025-10-01 13:36:00+05:30,89.98999786376953,89.98999786376953,89.97000122070312,89.97000122070312,280,0.0,0.0
2025-10-01 13:37:00+05:30,89.97000122070312,89.97000122070312,89.8499984741211,89.8499984741211,1030,0.0,0.0
2025-10-01 13:38:00+05:30,89.9000015258789,90.04000091552734,89.88999938964844,90.04000091552734,6296,0.0,0.0
2025-10-01 13:39:00+05:30,90.02999877929688,90.02999877929688,90.02999877929688,90.02999877929688,26,0.0,0.0
2025-10-01 13:40:00+05:30,90.04000091552734,90.04000091552734,90.04000091552734,90.04000091552734,34,0.0,0.0
2025-10-01 13:42:00+05:30,90.04000091552734,90.29000091552734,90.04000091552734,90.29000091552734,3522,0.0,0.0
2025-10-01 13:43:00+05:30,90.22000122070312,90.22000122070312,90.16999816894531,90.16999816894531,1073,0.0,0.0
2025-10-01 13:44:00+05:30,90.16000366210938,90.16000366210938,90.01000213623047,90.01000213623047,468,0.0,0.0
2025-10-01 13:46:00+05:30,90.19999694824219,90.19999694824219,90.19999694824219,90.19999694824219,542,0.0,0.0
2025-10-01 13:47:00+05:30,90.19000244140625,90.19000244140625,90.08999633789062,90.08999633789062,787,0.0,0.0
2025-10-01 13:48:00+05:30,90.18000030517578,90.18000030517578,90.11000061035156,90.11000061035156,755,0.0,0.0
2025-10-01 13:49:00+05:30,90.08999633789062,90.08999633789062,90.01000213623047,90.01000213623047,32,0.0,0.0
2025-10-01 13:50:00+05:30,90.08000183105469,90.08999633789062,90.08000183105469,90.08999633789062,654,0.0,0.0
2025-10-01 13:51:00+05:30,90.08000183105469,90.08000183105469,90.0,90.0,218,0.0,0.0
2025-10-01 13:52:00+05:30,90.0,90.11000061035156,90.0,90.0999984741211,1067,0.0,0.0
2025-10-01 13:53:00+05:30,90.0999984741211,90.0999984741211,90.0999984741211,90.0999984741211,0,0.0,0.0
2025-10-01 13:54:00+05:30,90.0999984741211,90.0999984741211,90.0999984741211,90.0999984741211,153,0.0,0.0
2025-10-01 13:55:00+05:30,90.02999877929688,90.0999984741211,90.02999877929688,90.0999984741211,354,0.0,0.0
2025-10-01 13:56:00+05:30,90.08999633789062,90.08999633789062,90.08999633789062,90.08999633789062,107,0.0,0.0
2025-10-01 13:57:00+05:30,90.0999984741211,90.0999984741211,90.0999984741211,90.0999984741211,0,0.0,0.0
2025-10-01 13:58:00+05:30,90.0999984741211,90.0999984741211,90.0999984741211,90.0999984741211,43,0.0,0.0
2025-10-01 13:59:00+05:30,90.12000274658203,90.12000274658203,90.12000274658203,90.12000274658203,556,0.0,0.0
2025-10-01 14:00:00+05:30,90.12000274658203,90.12000274658203,90.05999755859375,90.08999633789062,1235,0.0,0.0
2025-10-01 14:02:00+05:30,90.12000274658203,90.19999694824219,90.08000183105469,90.19000244140625,929,0.0,0.0
2025-10-01 14:03:00+05:30,90.08999633789062,90.19000244140625,90.08999633789062,90.19000244140625,134,0.0,0.0
2025-10-01 14:05:00+05:30,90.16000366210938,90.16000366210938,90.08000183105469,90.1500015258789,97,0.0,0.0
2025-10-01 14:06:00+05:30,90.13999938964844,90.1500015258789,90.05999755859375,90.05999755859375,314,0.0,0.0
2025-10-01 14:07:00+05:30,90.05999755859375,90.05999755859375,90.05999755859375,90.05999755859375,429,0.0,0.0
2025-10-01 14:08:00+05:30,90.05999755859375,90.12999725341797,90.05999755859375,90.12999725341797,256,0.0,0.0
2025-10-01 14:10:00+05:30,90.25,90.30000305175781,90.22000122070312,90.30000305175781,18210,0.0,0.0
2025-10-01 14:11:00+05:30,90.2699966430664,90.30999755859375,90.23999786376953,90.26000213623047,316,0.0,0.0
2025-10-01 14:12:00+05:30,90.26000213623047,90.38999938964844,90.22000122070312,90.38999938964844,1306,0.0,0.0
2025-10-01 14:13:00+05:30,90.31999969482422,90.33999633789062,90.30000305175781,90.30000305175781,450,0.0,0.0
2025-10-01 14:14:00+05:30,90.25,90.33999633789062,90.25,90.33999633789062,401,0.0,0.0
2025-10-01 14:15:00+05:30,90.26000213623047,90.3499984741211,90.26000213623047,90.2699966430664,318,0.0,0.0
2025-10-01 14:16:00+05:30,90.1500015258789,90.25,90.1500015258789,90.25,75,0.0,0.0
2025-10-01 14:17:00+05:30,90.25,90.25,90.25,90.25,4084,0.0,0.0
2025-10-01 14:18:00+05:30,90.25,90.2699966430664,90.25,90.2699966430664,0,0.0,0.0
2025-10-01 14:19:00+05:30,90.3499984741211,90.3499984741211,90.29000091552734,90.29000091552734,411,0.0,0.0
2025-10-01 14:20:00+05:30,90.41999816894531,90.44999694824219,90.38999938964844,90.38999938964844,5563,0.0,0.0
2025-10-01 14:21:00+05:30,90.44999694824219,90.4800033569336,90.33999633789062,90.4800033569336,1683,0.0,0.0
2025-10-01 14:22:00+05:30,90.47000122070312,90.5999984741211,90.44000244140625,90.44000244140625,6918,0.0,0.0
2025-10-01 14:23:00+05:30,90.44999694824219,90.44999694824219,90.33999633789062,90.3499984741211,638,0.0,0.0
2025-10-01 14:24:00+05:30,90.44000244140625,90.44999694824219,90.33999633789062,90.41000366210938,155,0.0,0.0
2025-10-01 14:25:00+05:30,90.44999694824219,90.5,90.43000030517578,90.5,777,0.0,0.0
2025-10-01 14:26:00+05:30,90.4000015258789,90.48999786376953,90.38999938964844,90.48999786376953,13273,0.0,0.0
2025-10-01 14:27:00+05:30,90.4000015258789,90.5,90.4000015258789,90.48999786376953,428,0.0,0.0
2025-10-01 14:28:00+05:30,90.44999694824219,90.4800033569336,90.44999694824219,90.4800033569336,229,0.0,0.0
2025-10-01 14:29:00+05:30,90.4000015258789,90.47000122070312,90.4000015258789,90.47000122070312,44,0.0,0.0
2025-10-01 14:30:00+05:30,90.47000122070312,90.47000122070312,90.47000122070312,90.47000122070312,180,0.0,0.0
2025-10-01 14:31:00+05:30,90.47000122070312,90.58999633789062,90.4000015258789,90.58999633789062,7717,0.0,0.0
2025-10-01 14:32:00+05:30,90.5,90.5999984741211,90.5,90.5999984741211,1197,0.0,0.0
2025-10-01 14:33:00+05:30,90.6500015258789,90.80000305175781,90.6500015258789,90.6500015258789,4401,0.0,0.0
2025-10-01 14:34:00+05:30,90.6500015258789,90.7300033569336,90.6500015258789,90.7300033569336,961,0.0,0.0
2025-10-01 14:35:00+05:30,90.69999694824219,90.8499984741211,90.69999694824219,90.83000183105469,2854,0.0,0.0
2025-10-01 14:36:00+05:30,90.83000183105469,90.83000183105469,90.75,90.81999969482422,1353,0.0,0.0
2025-10-01 14:37:00+05:30,90.81999969482422,91.25,90.81999969482422,91.23999786376953,37819,0.0,0.0
2025-10-01 14:38:00+05:30,91.25,91.25,91.0999984741211,91.20999908447266,6276,0.0,0.0
2025-10-01 14:39:00+05:30,91.23999786376953,91.25,91.12000274658203,91.25,2119,0.0,0.0
2025-10-01 14:40:00+05:30,91.23999786376953,91.51000213623047,91.23999786376953,91.5,16536,0.0,0.0
2025-10-01 14:41:00+05:30,91.55000305175781,92.0,91.55000305175781,91.8499984741211,17781,0.0,0.0
2025-10-01 14:42:00+05:30,92.04000091552734,92.04000091552734,91.9000015258789,91.94999694824219,17487,0.0,0.0
2025-10-01 14:43:00+05:30,91.94999694824219,91.94999694824219,91.9000015258789,91.9000015258789,970,0.0,0.0
2025-10-01 14:44:00+05:30,91.9000015258789,91.94999694824219,91.9000015258789,91.94999694824219,3244,0.0,0.0
2025-10-01 14:45:00+05:30,91.94999694824219,91.94999694824219,91.66999816894531,91.80000305175781,3279,0.0,0.0
2025-10-01 14:46:00+05:30,91.91000366210938,91.93000030517578,91.80999755859375,91.9000015258789,1668,0.0,0.0
2025-10-01 14:47:00+05:30,91.93000030517578,91.93000030517578,91.80000305175781,91.80999755859375,8428,0.0,0.0
2025-10-01 14:48:00+05:30,91.80999755859375,91.83999633789062,91.6500015258789,91.83999633789062,6761,0.0,0.0
2025-10-01 14:49:00+05:30,91.8499984741211,91.8499984741211,91.73999786376953,91.75,1712,0.0,0.0
2025-10-01 14:50:00+05:30,91.62999725341797,91.83999633789062,91.62999725341797,91.83999633789062,5582,0.0,0.0
2025-10-01 14:51:00+05:30,91.87000274658203,91.94000244140625,91.87000274658203,91.87000274658203,2566,0.0,0.0
2025-10-01 14:52:00+05:30,91.87000274658203,91.88999938964844,91.87000274658203,91.88999938964844,1417,0.0,0.0
2025-10-01 14:53:00+05:30,91.87000274658203,91.91000366210938,91.87000274658203,91.91000366210938,6007,0.0,0.0
2025-10-01 14:54:00+05:30,91.91000366210938,91.98999786376953,91.91000366210938,91.98999786376953,475,0.0,0.0
2025-10-01 14:55:00+05:30,91.94999694824219,92.88999938964844,91.91999816894531,92.88999938964844,85177,0.0,0.0
2025-10-01 14:56:00+05:30,93.20999908447266,93.88999938964844,92.9800033569336,93.8499984741211,18809,0.0,0.0
2025-10-01 14:57:00+05:30,93.63999938964844,93.76000213623047,93.44000244140625,93.44000244140625,27221,0.0,0.0
2025-10-01 14:58:00+05:30,93.37999725341797,93.4000015258789,93.22000122070312,93.2300033569336,3034,0.0,0.0
2025-10-01 14:59:00+05:30,93.12000274658203,93.48999786376953,93.12000274658203,93.48999786376953,7008,0.0,0.0
2025-10-01 15:00:00+05:30,93.48999786376953,93.48999786376953,93.2699966430664,93.30000305175781,2769,0.0,0.0
2025-10-01 15:01:00+05:30,93.31999969482422,93.87999725341797,93.31999969482422,93.83999633789062,50095,0.0,0.0
2025-10-01 15:02:00+05:30,94.05000305175781,94.30000305175781,93.83999633789062,93.83999633789062,40386,0.0,0.0
2025-10-01 15:03:00+05:30,93.9800033569336,94.27999877929688,93.83999633789062,94.27999877929688,18288,0.0,0.0
2025-10-01 15:04:00+05:30,94.27999877929688,94.27999877929688,93.80000305175781,93.87999725341797,25722,0.0,0.0
2025-10-01 15:05:00+05:30,93.83000183105469,94.13999938964844,93.83000183105469,94.0,6727,0.0,0.0
2025-10-01 15:06:00+05:30,94.0,94.0,93.83000183105469,93.98999786376953,3118,0.0,0.0
2025-10-01 15:07:00+05:30,93.83000183105469,93.98999786376953,93.66000366210938,93.86000061035156,6801,0.0,0.0
2025-10-01 15:08:00+05:30,93.80999755859375,93.81999969482422,93.77999877929688,93.79000091552734,1663,0.0,0.0
2025-10-01 15:09:00+05:30,93.7300033569336,93.7300033569336,93.41999816894531,93.55000305175781,20551,0.0,0.0
2025-10-01 15:10:00+05:30,93.54000091552734,93.62000274658203,93.3499984741211,93.37999725341797,5488,0.0,0.0
2025-10-01 15:11:00+05:30,93.37999725341797,93.37999725341797,93.18000030517578,93.3499984741211,4718,0.0,0.0
2025-10-01 15:12:00+05:30,93.36000061035156,93.6500015258789,93.31999969482422,93.5999984741211,4653,0.0,0.0
2025-10-01 15:13:00+05:30,93.63999938964844,93.9000015258789,93.51000213623047,93.69999694824219,6662,0.0,0.0
2025-10-01 15:14:00+05:30,93.70999908447266,93.80000305175781,93.4800033569336,93.4800033569336,10549,0.0,0.0
2025-10-01 15:15:00+05:30,93.73999786376953,93.75,93.55000305175781,93.75,4035,0.0,0.0
2025-10-01 15:16:00+05:30,93.70999908447266,93.70999908447266,93.58999633789062,93.69999694824219,1512,0.0,0.0
2025-10-01 15:17:00+05:30,93.55000305175781,93.56999969482422,93.4000015258789,93.56999969482422,15555,0.0,0.0
2025-10-01 15:18:00+05:30,93.58000183105469,93.76000213623047,93.38999938964844,93.69999694824219,3004,0.0,0.0
2025-10-01 15:19:00+05:30,93.4000015258789,93.9800033569336,93.4000015258789,93.77999877929688,17840,0.0,0.0
2025-10-01 15:20:00+05:30,93.69999694824219,93.9800033569336,93.69999694824219,93.9800033569336,11326,0.0,0.0
2025-10-01 15:21:00+05:30,93.72000122070312,93.79000091552734,93.58000183105469,93.77999877929688,9222,0.0,0.0
2025-10-01 15:22:00+05:30,93.77999877929688,93.77999877929688,93.58000183105469,93.58000183105469,575,0.0,0.0
2025-10-01 15:23:00+05:30,93.77999877929688,93.77999877929688,93.43000030517578,93.61000061035156,6004,0.0,0.0
2025-10-01 15:24:00+05:30,93.5,93.79000091552734,93.5,93.6500015258789,16703,0.0,0.0
2025-10-01 15:25:00+05:30,93.63999938964844,93.76000213623047,93.63999938964844,93.76000213623047,1562,0.0,0.0
2025-10-01 15:26:00+05:30,93.7699966430664,93.80000305175781,93.63999938964844,93.63999938964844,17545,0.0,0.0
2025-10-01 15:27:00+05:30,93.83999633789062,93.83999633789062,93.66999816894531,93.7300033569336,3463,0.0,0.0
2025-10-01 15:28:00+05:30,93.72000122070312,93.7300033569336,93.6500015258789,93.7300033569336,9399,0.0,0.0
2025-10-01 15:29:00+05:30,93.7300033569336,93.7300033569336,93.5199966430664,93.5199966430664,9156,0.0,0.0
